"id","first_name","last_name","email","gender","job_field","donation","state","shirt_size"
"3","Panchito","Crichley","pcrichley2@wired.com","Female","Engineering","178","California","XL"
"7","Gale","Hotchkin","ghotchkin6@com.com","Female","Legal","255","Michigan","XS"
"10","Carmina","Kluge","ckluge9@yahoo.co.jp","Female","Services","358","California","XS"
"15","Cindee","Dolbey","cdolbeye@sfgate.com","Female","Engineering","393","Oklahoma","XS"
"16","Jan","Pelman","jpelmanf@histats.com","Female","Engineering","468","Texas","S"
"18","Theodora","Colleton","tcolletonh@vistaprint.com","Female","Marketing","39","Ohio","S"
"19","Wadsworth","Lukianovich","wlukianovichi@europa.eu","Female","Marketing","151","Georgia","XL"
"20","Haleigh","Seabright","hseabrightj@pagesperso-orange.fr","Female","Sales","396","California","S"
"21","Yorke","Bloyes","ybloyesk@g.co","Female","Training","370","Illinois","XL"
"24","Mycah","Yarrow","myarrown@comsenz.com","Female","Business Development","453","Wisconsin","S"
"25","Taylor","Ramsey","tramseyo@forbes.com","Female","Research and Development","140","California","2XL"
"27","Mirabel","Glassopp","mglassoppq@barnesandnoble.com","Female","Legal","378","Georgia","XL"
"28","Manny","Twiddy","mtwiddyr@epa.gov","Female","Marketing","420","Washington","2XL"
"29","Clarine","Rushsorth","crushsorths@earthlink.net","Female","Research and Development","257","California","2XL"
"32","Konrad","Loncaster","kloncasterv@jimdo.com","Female","Business Development","467","California","L"
"35","Clevie","Camilletti","ccamillettiy@quantcast.com","Female","Legal","499","Virginia","S"
"36","Giordano","Lebang","glebangz@ibm.com","Female","Services","54","Ohio","XS"
"38","Guss","Hedger","ghedger11@csmonitor.com","Female","Engineering","340","Alabama","M"
"40","Paige","Farge","pfarge13@patch.com","Female","Human Resources","450","Ohio","S"
"42","Gail","Baskwell","gbaskwell15@hao123.com","Female","Sales","383","New York","3XL"
"44","Morse","Whatmough","mwhatmough17@census.gov","Female","Sales","365","California","XS"
"45","Ula","Lowin","ulowin18@nature.com","Female","Business Development","61","Texas","XL"
"46","Dion","Sample","dsample19@census.gov","Female","Accounting","91","Colorado","2XL"
"48","Zachary","Domenichelli","zdomenichelli1b@ucoz.ru","Female","Sales","99","Florida","M"
"50","Inge","Rogger","irogger1d@bigcartel.com","Female","Marketing","384","Illinois","2XL"
"51","Ethelbert","Galton","egalton1e@sbwire.com","Female","Engineering","387","Idaho","M"
"52","Sabra","Severns","sseverns1f@bluehost.com","Female","Services","355","Oklahoma","L"
"57","Nydia","Laundon","nlaundon1k@tiny.cc","Female","Sales","310","New Mexico","L"
"58","Lorene","Ghiraldi","lghiraldi1l@meetup.com","Female","Accounting","270","Iowa","XL"
"59","Wain","Belliveau","wbelliveau1m@answers.com","Female","Training","268","District of Columbia","M"
"65","Erica","Phelit","ephelit1s@loc.gov","Female","Product Management","37","Texas","2XL"
"66","Gertie","Leyband","gleyband1t@flickr.com","Female","Research and Development","252","Tennessee","S"
"68","Loren","Ainsworth","lainsworth1v@163.com","Female","Accounting","444","Michigan","XL"
"69","Izzy","Partlett","ipartlett1w@xinhuanet.com","Female","Human Resources","254","Ohio","M"
"71","Marys","Cosby","mcosby1y@comsenz.com","Female","Marketing","9","Tennessee","L"
"72","Tory","Pleuman","tpleuman1z@phoca.cz","Female","Training","78","Washington","XL"
"73","Lezley","Cunah","lcunah20@gov.uk","Female","Accounting","165","New Mexico","S"
"75","Talya","McKechnie","tmckechnie22@feedburner.com","Female","Business Development","40","Florida","L"
"78","Lon","Prandy","lprandy25@deviantart.com","Female","Legal","205","Massachusetts","M"
"79","Rhonda","Birchenhead","rbirchenhead26@wisc.edu","Female","Product Management","130","Nebraska","XL"
"81","Becka","Webben","bwebben28@rambler.ru","Female","Training","192","North Carolina","M"
"83","Elnore","Silly","esilly2a@ox.ac.uk","Female","Accounting","130","Pennsylvania","3XL"
"84","Thatcher","Whetland","twhetland2b@netscape.com","Female","Human Resources","40","Texas","L"
"90","Charlotta","Bellison","cbellison2h@epa.gov","Female","Marketing","489","Florida","M"
"91","Alan","Jakubowsky","ajakubowsky2i@blogtalkradio.com","Female","Engineering","285","New York","L"
"92","Arne","Dudgeon","adudgeon2j@barnesandnoble.com","Female","Sales","272","Florida","2XL"
"93","Duke","Rodgman","drodgman2k@telegraph.co.uk","Female","Engineering","212","Ohio","S"
"95","Inessa","Henaughan","ihenaughan2m@google.co.uk","Female","Sales","329","Tennessee","L"
"96","Emery","Rospars","erospars2n@studiopress.com","Female","Product Management","483","Connecticut","S"
"97","Kamila","Bice","kbice2o@godaddy.com","Female","Marketing","51","Arizona","2XL"
"98","Tori","Rosewarne","trosewarne2p@discuz.net","Female","Human Resources","135","California","3XL"
"101","Vic","Bridson","vbridson2s@webnode.com","Female","Business Development","148","District of Columbia","M"
"103","Haskel","Vennings","hvennings2u@theglobeandmail.com","Female","Human Resources","353","Massachusetts","XL"
"104","Marquita","Pester","mpester2v@patch.com","Female","Research and Development","369","Tennessee","3XL"
"105","Persis","Kaspar","pkaspar2w@shinystat.com","Female","Human Resources","342","Florida","XS"
"106","Constanta","Shone","cshone2x@mapquest.com","Female","Engineering","310","Florida","2XL"
"108","Farlee","MacDaid","fmacdaid2z@cmu.edu","Female","Support","212","Oregon","2XL"
"110","Ennis","Talloe","etalloe31@vk.com","Female","Marketing","142","North Carolina","L"
"111","Lindon","Hengoed","lhengoed32@ovh.net","Female","Services","190","California","XL"
"112","Jodi","Dearnaley","jdearnaley33@nasa.gov","Female","Product Management","351","Washington","M"
"113","Dominica","Jayes","djayes34@jimdo.com","Female","Business Development","280","Florida","3XL"
"114","Dame","Kilgrew","dkilgrew35@mayoclinic.com","Female","Business Development","113","Nevada","XS"
"120","Elisa","Livesley","elivesley3b@marketwatch.com","Female","Accounting","452","Georgia","L"
"122","Paule","Ellingworth","pellingworth3d@gizmodo.com","Female","Services","359","Arizona","L"
"123","Thain","Rahl","trahl3e@artisteer.com","Female","Business Development","69","New York","3XL"
"125","Gui","Dilon","gdilon3g@constantcontact.com","Female","Research and Development","356","Minnesota","XL"
"126","Casey","Baud","cbaud3h@bizjournals.com","Female","Research and Development","273","California","2XL"
"129","Orazio","Leport","oleport3k@chronoengine.com","Female","Training","176","Florida","3XL"
"130","Natty","Kernoghan","nkernoghan3l@biglobe.ne.jp","Female","Engineering","292","Ohio","3XL"
"132","Moises","Shewon","mshewon3n@ox.ac.uk","Female","Sales","451","Florida","M"
"134","Evelina","Whitely","ewhitely3p@blogs.com","Female","Legal","338","Michigan","L"
"135","Morlee","Coltman","mcoltman3q@disqus.com","Female","Marketing","150","Indiana","2XL"
"137","Adaline","Nickell","anickell3s@reference.com","Female","Legal","444","California","3XL"
"138","Gabbie","Pilbeam","gpilbeam3t@nsw.gov.au","Female","Engineering","379","California","L"
"142","Yetta","Saladino","ysaladino3x@phoca.cz","Female","Training","256","New York","S"
"145","Odelle","Peye","opeye40@opensource.org","Female","Marketing","420","New York","XS"
"148","Matty","Mosey","mmosey43@ovh.net","Female","Accounting","369","Virginia","M"
"149","Tiebold","Kingzet","tkingzet44@tripod.com","Female","Engineering","121","Florida","S"
"150","Araldo","Sercombe","asercombe45@redcross.org","Female","Business Development","421","Florida","L"
"151","Maisey","Shanahan","mshanahan46@ning.com","Female","Marketing","321","Texas","L"
"154","Michal","Severwright","mseverwright49@wikispaces.com","Female","Business Development","153","Washington","XS"
"156","Adham","Imos","aimos4b@booking.com","Female","Sales","232","Wyoming","2XL"
"159","Colin","Ferreri","cferreri4e@microsoft.com","Female","Support","108","California","M"
"160","Peta","Kernar","pkernar4f@ca.gov","Female","Research and Development","9","Idaho","3XL"
"161","Zondra","Strangwood","zstrangwood4g@canalblog.com","Female","Product Management","72","District of Columbia","2XL"
"162","Herrick","Pashe","hpashe4h@lulu.com","Female","Services","87","Texas","L"
"164","Hedwiga","Whitwam","hwhitwam4j@cdbaby.com","Female","Business Development","114","Ohio","3XL"
"168","Jemie","Curnok","jcurnok4n@wired.com","Female","Accounting","259","Virginia","L"
"169","Marshall","Doles","mdoles4o@dion.ne.jp","Female","Product Management","44","Ohio","L"
"170","Chrisy","Rollings","crollings4p@vk.com","Female","Product Management","220","California","XS"
"176","Ermengarde","Blannin","eblannin4v@cyberchimps.com","Female","Engineering","202","Texas","S"
"177","Rob","Hustings","rhustings4w@fema.gov","Female","Accounting","349","Florida","3XL"
"179","Faustine","Jennions","fjennions4y@nytimes.com","Female","Engineering","22","Florida","M"
"180","Michel","Eastam","meastam4z@ihg.com","Female","Accounting","436","Maryland","3XL"
"182","Julia","Valek","jvalek51@latimes.com","Female","Legal","449","Massachusetts","XL"
"183","Brant","Teaser","bteaser52@home.pl","Female","Training","435","New York","XS"
"184","Garry","Pemble","gpemble53@google.pl","Female","Training","213","Florida","L"
"185","Lazarus","Dury","ldury54@mlb.com","Female","Services","235","Nebraska","M"
"186","Novelia","Willoughby","nwilloughby55@ustream.tv","Female","Research and Development","263","Iowa","L"
"187","Biddy","Swaden","bswaden56@g.co","Female","Business Development","152","District of Columbia","XL"
"194","Merralee","Dudley","mdudley5d@hibu.com","Female","Legal","405","Tennessee","2XL"
"195","Nat","Hawyes","nhawyes5e@t-online.de","Female","Sales","159","Tennessee","3XL"
"196","Thurstan","McLenaghan","tmclenaghan5f@nih.gov","Female","Legal","335","Connecticut","M"
"197","Lance","Sleet","lsleet5g@a8.net","Female","Sales","187","California","M"
"200","Waldon","Hallor","whallor5j@ezinearticles.com","Female","Business Development","170","Massachusetts","M"
"202","Arlan","Kinkaid","akinkaid5l@slate.com","Female","Research and Development","251","Missouri","3XL"
"205","Waylon","Hymer","whymer5o@msu.edu","Female","Accounting","218","Maryland","2XL"
"208","Maren","Cormack","mcormack5r@utexas.edu","Female","Training","102","Maryland","XS"
"209","Rafe","Fussey","rfussey5s@prnewswire.com","Female","Accounting","427","Illinois","XS"
"211","Donny","Allingham","dallingham5u@friendfeed.com","Female","Engineering","87","Virginia","2XL"
"213","Bren","Gogerty","bgogerty5w@ehow.com","Female","Services","29","New Hampshire","3XL"
"214","Shayne","Valois","svalois5x@adobe.com","Female","Marketing","85","Tennessee","XS"
"215","Maryl","MacCahee","mmaccahee5y@newyorker.com","Female","Marketing","284","Texas","XL"
"216","Tab","Tullis","ttullis5z@baidu.com","Female","Sales","275","Louisiana","S"
"217","Sisely","Illsley","sillsley60@apache.org","Female","Marketing","230","Louisiana","XL"
"219","Marrissa","Yitzovitz","myitzovitz62@bluehost.com","Female","Marketing","210","Illinois","XS"
"222","Ferdinanda","Jaxon","fjaxon65@sfgate.com","Female","Business Development","10","Florida","M"
"224","Dell","Bagger","dbagger67@yolasite.com","Female","Research and Development","393","Massachusetts","M"
"227","Eberhard","Beeson","ebeeson6a@icq.com","Female","Sales","222","Nevada","XL"
"228","Louisette","Fellon","lfellon6b@dailymail.co.uk","Female","Training","297","Louisiana","2XL"
"229","Xaviera","Puddifer","xpuddifer6c@wikia.com","Female","Research and Development","77","North Carolina","XS"
"232","Derrick","Obington","dobington6f@addtoany.com","Female","Legal","249","North Carolina","XL"
"237","Teri","Ragbourn","tragbourn6k@hud.gov","Female","Product Management","119","Georgia","M"
"240","Vi","Birdis","vbirdis6n@hao123.com","Female","Support","348","Washington","3XL"
"241","Malina","Rachuig","mrachuig6o@youku.com","Female","Sales","165","Florida","2XL"
"242","Karissa","McNay","kmcnay6p@photobucket.com","Female","Accounting","202","Connecticut","XL"
"243","Umberto","Imison","uimison6q@chicagotribune.com","Female","Human Resources","365","Florida","2XL"
"246","Row","Fitchew","rfitchew6t@soup.io","Female","Training","317","Connecticut","XL"
"248","Barbey","Salerno","bsalerno6v@bravesites.com","Female","Business Development","122","Texas","XS"
"251","Maura","Ferroli","mferroli6y@icio.us","Female","Research and Development","488","California","L"
"253","Gerhardine","Prahm","gprahm70@godaddy.com","Female","Product Management","287","Oregon","L"
"254","Candide","Burrow","cburrow71@si.edu","Female","Human Resources","281","California","S"
"255","Arturo","Purtell","apurtell72@soundcloud.com","Female","Human Resources","19","California","L"
"256","Meara","Dikle","mdikle73@yellowpages.com","Female","Business Development","202","Florida","M"
"257","Colene","Large","clarge74@un.org","Female","Business Development","180","Oklahoma","L"
"259","Bartholemy","Lacroutz","blacroutz76@aol.com","Female","Services","188","Texas","S"
"261","Evangeline","Le feaver","elefeaver78@blogtalkradio.com","Female","Services","68","Texas","2XL"
"262","Baxy","Maiden","bmaiden79@irs.gov","Female","Sales","215","Florida","XS"
"268","Teresina","Crippes","tcrippes7f@gov.uk","Female","Marketing","77","California","XS"
"270","Andrey","Habard","ahabard7h@earthlink.net","Female","Marketing","423","Tennessee","3XL"
"273","Row","Grummitt","rgrummitt7k@ox.ac.uk","Female","Sales","348","New York","XL"
"274","Freddie","McPartlin","fmcpartlin7l@1und1.de","Female","Legal","176","Georgia","3XL"
"275","Raoul","Rivett","rrivett7m@mozilla.com","Female","Training","130","North Carolina","3XL"
"276","Randy","Attenbrough","rattenbrough7n@meetup.com","Female","Legal","107","Minnesota","XL"
"284","Wilma","Tummond","wtummond7v@sbwire.com","Female","Legal","483","Pennsylvania","XL"
"285","Tracie","Room","troom7w@weibo.com","Female","Services","35","Minnesota","XS"
"288","Rene","Batrop","rbatrop7z@alibaba.com","Female","Research and Development","256","Pennsylvania","3XL"
"290","Hurley","Bogey","hbogey81@cpanel.net","Female","Business Development","492","Florida","XS"
"291","Merna","Ferryman","mferryman82@blog.com","Female","Product Management","208","Missouri","XL"
"292","Ty","Nock","tnock83@homestead.com","Female","Training","33","Ohio","S"
"293","Clarance","Benit","cbenit84@paypal.com","Female","Support","462","Pennsylvania","L"
"296","Babbette","Fyers","bfyers87@nymag.com","Female","Engineering","491","New Mexico","S"
"298","Garwood","Coneau","gconeau89@ameblo.jp","Female","Product Management","102","Florida","XS"
"299","Maggie","Odegaard","modegaard8a@lycos.com","Female","Services","399","Florida","XS"
"300","Spenser","O'Loinn","soloinn8b@wikia.com","Female","Product Management","180","Idaho","XS"
"302","Ediva","Crease","ecrease8d@com.com","Female","Product Management","447","Texas","M"
"305","Ned","Cawt","ncawt8g@sphinn.com","Female","Human Resources","165","California","L"
"310","Yovonnda","Brussels","ybrussels8l@wp.com","Female","Human Resources","74","Virginia","3XL"
"314","Emelda","Ridings","eridings8p@cocolog-nifty.com","Female","Human Resources","201","Illinois","M"
"322","Jeffrey","Lehmann","jlehmann8x@dailymail.co.uk","Female","Training","473","Indiana","XL"
"323","Wendie","Tovey","wtovey8y@nationalgeographic.com","Female","Research and Development","391","Oregon","3XL"
"324","Dilly","Wallhead","dwallhead8z@latimes.com","Female","Services","203","Virginia","L"
"325","Mada","Brigg","mbrigg90@answers.com","Female","Sales","167","North Carolina","2XL"
"326","Pascal","Greedyer","pgreedyer91@etsy.com","Female","Product Management","39","Florida","XS"
"327","Barbette","Fidilis","bfidilis92@yelp.com","Female","Training","213","Illinois","XS"
"328","Corissa","Mee","cmee93@phoca.cz","Female","Human Resources","140","Louisiana","3XL"
"331","Feodor","Gasperi","fgasperi96@miitbeian.gov.cn","Female","Sales","197","Minnesota","2XL"
"336","Engelbert","Cutting","ecutting9b@smugmug.com","Female","Services","173","Utah","3XL"
"337","Lewes","Tetsall","ltetsall9c@seesaa.net","Female","Services","69","Wisconsin","XS"
"340","Dora","Alker","dalker9f@state.tx.us","Female","Marketing","391","Tennessee","L"
"341","Magdalene","Hedaux","mhedaux9g@livejournal.com","Female","Human Resources","99","Colorado","3XL"
"342","Beltran","Heavens","bheavens9h@icq.com","Female","Support","179","Texas","M"
"344","Lauren","Heathfield","lheathfield9j@bluehost.com","Female","Training","342","Indiana","L"
"345","Marylinda","McCathie","mmccathie9k@telegraph.co.uk","Female","Marketing","152","Nevada","XS"
"346","Tudor","Arnold","tarnold9l@w3.org","Female","Services","46","Arizona","XL"
"347","Dre","Collough","dcollough9m@usnews.com","Female","Sales","203","Michigan","L"
"348","Gaylene","Nelm","gnelm9n@japanpost.jp","Female","Sales","323","Idaho","2XL"
"349","Angelo","Tansey","atansey9o@wisc.edu","Female","Product Management","420","New York","3XL"
"350","Buiron","Corbridge","bcorbridge9p@soup.io","Female","Sales","60","California","2XL"
"352","Judi","Hinsche","jhinsche9r@gov.uk","Female","Accounting","186","Iowa","L"
"356","Geoffry","Paske","gpaske9v@sogou.com","Female","Marketing","422","California","XS"
"361","Philly","Lemery","plemerya0@ucoz.ru","Female","Human Resources","182","Virginia","XL"
"362","Mic","MacDirmid","mmacdirmida1@java.com","Female","Human Resources","182","Minnesota","XS"
"365","Cherie","Ungerer","cungerera4@google.com.br","Female","Product Management","181","New Jersey","M"
"367","Cris","Sirl","csirla6@umn.edu","Female","Product Management","144","Missouri","2XL"
"368","Helaine","Luxton","hluxtona7@webnode.com","Female","Services","420","California","XL"
"369","Tabor","Belz","tbelza8@utexas.edu","Female","Product Management","239","Oklahoma","3XL"
"370","Rafferty","Brogini","rbroginia9@reverbnation.com","Female","Legal","440","Kansas","M"
"371","Chancey","Drayn","cdraynaa@alexa.com","Female","Marketing","261","Kentucky","2XL"
"372","Caddric","Harsnep","charsnepab@deliciousdays.com","Female","Marketing","337","Virginia","XS"
"374","Reba","Targe","rtargead@scientificamerican.com","Female","Research and Development","450","New York","S"
"376","Debor","Jolin","djolinaf@people.com.cn","Female","Business Development","118","Illinois","M"
"377","Hall","Fontaine","hfontaineag@barnesandnoble.com","Female","Engineering","451","Illinois","2XL"
"379","Bud","Wickey","bwickeyai@vkontakte.ru","Female","Human Resources","126","California","3XL"
"383","Zach","Stendell","zstendellam@walmart.com","Female","Sales","73","New York","2XL"
"384","Edouard","Fleetham","efleethaman@fastcompany.com","Female","Business Development","227","Missouri","L"
"390","Katha","Kennett","kkennettat@amazonaws.com","Female","Accounting","190","Michigan","L"
"391","Verne","Gilks","vgilksau@dot.gov","Female","Sales","345","North Carolina","M"
"393","Wiley","Chapelle","wchapelleaw@quantcast.com","Female","Support","18","California","S"
"396","Delano","Hebbron","dhebbronaz@i2i.jp","Female","Business Development","15","Illinois","3XL"
"397","Sibelle","Rennie","srennieb0@intel.com","Female","Human Resources","460","California","XL"
"399","Barry","Feldberg","bfeldbergb2@smh.com.au","Female","Product Management","387","California","2XL"
"401","Dorri","Pomfrett","dpomfrettb4@webnode.com","Female","Human Resources","57","New Jersey","L"
"402","Lilyan","Newlands","lnewlandsb5@weebly.com","Female","Legal","389","Georgia","3XL"
"403","Tobie","Caudelier","tcaudelierb6@qq.com","Female","Accounting","286","Indiana","3XL"
"404","Valenka","Rawlcliffe","vrawlcliffeb7@g.co","Female","Business Development","442","California","M"
"405","Abie","Isac","aisacb8@hc360.com","Female","Research and Development","328","New York","L"
"406","Lora","Honeyghan","lhoneyghanb9@google.com.au","Female","Services","271","New York","S"
"407","Gustie","Babon","gbabonba@desdev.cn","Female","Accounting","321","New York","3XL"
"409","Drusie","Dumbare","ddumbarebc@bbc.co.uk","Female","Accounting","34","Arizona","3XL"
"411","Lilas","Gamblin","lgamblinbe@who.int","Female","Marketing","142","New York","3XL"
"412","Wren","Toope","wtoopebf@soup.io","Female","Human Resources","169","Kansas","L"
"413","Heywood","Darnody","hdarnodybg@wix.com","Female","Marketing","309","Louisiana","L"
"416","Shannon","Billin","sbillinbj@moonfruit.com","Female","Marketing","187","Texas","L"
"418","Dode","Bellis","dbellisbl@newyorker.com","Female","Engineering","112","Connecticut","S"
"419","Laurens","Critchley","lcritchleybm@purevolume.com","Female","Accounting","94","Texas","XS"
"425","Selia","Berndsen","sberndsenbs@alexa.com","Female","Training","313","Kansas","2XL"
"428","Melisa","Sprull","msprullbv@reuters.com","Female","Training","201","Michigan","3XL"
"433","Margalo","Baterip","mbateripc0@qq.com","Female","Business Development","38","Kentucky","2XL"
"436","Patricia","Vigurs","pvigursc3@dot.gov","Female","Services","269","California","L"
"438","Maire","Colafate","mcolafatec5@imdb.com","Female","Training","133","West Virginia","L"
"439","Clerc","Brinkley","cbrinkleyc6@phoca.cz","Female","Marketing","122","Georgia","M"
"441","Marvin","Kiehne","mkiehnec8@ted.com","Female","Engineering","213","Texas","L"
"444","Lonnie","Delepine","ldelepinecb@google.com.hk","Female","Research and Development","155","New York","M"
"445","Friederike","Aizik","faizikcc@icq.com","Female","Research and Development","65","Ohio","L"
"446","Aprilette","McPhilip","amcphilipcd@simplemachines.org","Female","Accounting","468","Michigan","M"
"448","Gracie","McMenamy","gmcmenamycf@studiopress.com","Female","Sales","114","Illinois","L"
"454","Derril","Decroix","ddecroixcl@apple.com","Female","Research and Development","399","California","2XL"
"455","Ninetta","Kisar","nkisarcm@ucoz.com","Female","Services","117","Colorado","XL"
"456","Roberta","Barczynski","rbarczynskicn@jimdo.com","Female","Support","345","California","S"
"459","Karena","Andrieu","kandrieucq@blogspot.com","Female","Marketing","487","Texas","2XL"
"462","Giuditta","Anetts","ganettsct@mtv.com","Female","Research and Development","296","Virginia","M"
"465","Patrick","Tardiff","ptardiffcw@addthis.com","Female","Accounting","487","Utah","L"
"467","Maressa","Scotting","mscottingcy@mail.ru","Female","Accounting","408","Missouri","S"
"468","Perrine","Toynbee","ptoynbeecz@soup.io","Female","Legal","77","North Carolina","3XL"
"470","Nickey","Jeannel","njeanneld1@quantcast.com","Female","Accounting","442","Virginia","M"
"473","Read","Arboine","rarboined4@cnn.com","Female","Human Resources","487","Texas","2XL"
"476","Leslie","Clapton","lclaptond7@infoseek.co.jp","Female","Business Development","58","Texas","XL"
"477","Clerc","Pietron","cpietrond8@cargocollective.com","Female","Human Resources","476","Minnesota","S"
"481","Thacher","Breese","tbreesedc@economist.com","Female","Training","197","Florida","XS"
"482","Malvina","Ledbury","mledburydd@flickr.com","Female","Support","27","Alabama","3XL"
"483","Cristen","Maliffe","cmaliffede@usatoday.com","Female","Services","69","Arizona","2XL"
"487","Sonnie","Emerton","semertondi@sciencedirect.com","Female","Support","322","Virginia","S"
"488","Milissent","Fairn","mfairndj@symantec.com","Female","Training","422","Utah","L"
"489","Terri-jo","Batters","tbattersdk@alibaba.com","Female","Accounting","314","Missouri","3XL"
"490","Esmeralda","Saurat","esauratdl@apache.org","Female","Marketing","201","Texas","M"
"491","Lucais","Yetts","lyettsdm@census.gov","Female","Sales","315","Pennsylvania","M"
"494","Donna","Pantlin","dpantlindp@google.it","Female","Marketing","121","Illinois","M"
"495","Scarlet","Snow","ssnowdq@omniture.com","Female","Human Resources","72","Michigan","M"
"496","Carmelina","Soame","csoamedr@studiopress.com","Female","Research and Development","386","Oklahoma","S"
"498","Winnifred","Poynton","wpoyntondt@w3.org","Female","Support","144","District of Columbia","XS"
"500","Corbett","Lansdale","clansdaledv@ovh.net","Female","Product Management","494","California","3XL"
"502","Delmor","Semorad","dsemoraddx@jugem.jp","Female","Training","286","District of Columbia","M"
"507","Kamila","Ogers","kogerse2@bing.com","Female","Sales","31","California","2XL"
"510","Henka","Gaiger","hgaigere5@gravatar.com","Female","Human Resources","172","District of Columbia","S"
"513","Reeta","Kenewel","rkenewele8@google.ru","Female","Legal","361","Virginia","M"
"514","Rainer","Ohm","rohme9@weather.com","Female","Support","140","Indiana","L"
"516","Dollie","Mockford","dmockfordeb@disqus.com","Female","Marketing","394","California","3XL"
"517","Abrahan","Chill","achillec@census.gov","Female","Accounting","349","District of Columbia","2XL"
"518","Alfredo","Lodin","alodined@lulu.com","Female","Sales","79","Texas","L"
"520","Ernie","Cayley","ecayleyef@unicef.org","Female","Engineering","332","Georgia","XS"
"521","Laure","Diter","lditereg@gmpg.org","Female","Human Resources","364","Kansas","S"
"523","Alvie","Haughton","ahaughtonei@senate.gov","Female","Sales","30","Indiana","3XL"
"526","Dorian","Orum","dorumel@usa.gov","Female","Support","66","Maryland","S"
"527","Jo","Deble","jdebleem@answers.com","Female","Support","256","North Carolina","XL"
"528","Cassaundra","Maffi","cmaffien@ebay.co.uk","Female","Engineering","270","Montana","XS"
"529","Immanuel","Gubbin","igubbineo@naver.com","Female","Accounting","201","Oklahoma","XL"
"531","Pierce","Balbeck","pbalbeckeq@slate.com","Female","Services","456","Texas","M"
"534","Skell","Brampton","sbramptonet@ft.com","Female","Human Resources","46","California","3XL"
"536","Connie","Jeffress","cjeffressev@wisc.edu","Female","Research and Development","347","Washington","XL"
"540","Bartlet","Gollin","bgollinez@live.com","Female","Business Development","206","California","L"
"541","Ofelia","Kirdsch","okirdschf0@icio.us","Female","Engineering","184","Pennsylvania","M"
"544","Asa","Inchan","ainchanf3@creativecommons.org","Female","Training","200","Florida","XS"
"545","Philippa","Billion","pbillionf4@bizjournals.com","Female","Engineering","87","Virginia","M"
"546","Aime","Presshaugh","apresshaughf5@mac.com","Female","Business Development","150","Texas","2XL"
"550","Godiva","Brastead","gbrasteadf9@paypal.com","Female","Research and Development","420","Pennsylvania","XS"
"552","Teena","Mebs","tmebsfb@ezinearticles.com","Female","Engineering","125","Louisiana","M"
"553","Laney","Tales","ltalesfc@ustream.tv","Female","Services","481","Arkansas","3XL"
"554","Dorise","McKelvey","dmckelveyfd@google.com.hk","Female","Services","59","Florida","XS"
"555","Gigi","Houdmont","ghoudmontfe@123-reg.co.uk","Female","Training","44","Illinois","M"
"557","Ynes","Capelow","ycapelowfg@edublogs.org","Female","Engineering","17","New York","S"
"558","Monika","Hustings","mhustingsfh@1und1.de","Female","Human Resources","89","Florida","3XL"
"560","Ichabod","Furney","ifurneyfj@baidu.com","Female","Research and Development","44","District of Columbia","2XL"
"562","Sari","O'Dreain","sodreainfl@hp.com","Female","Product Management","14","California","L"
"563","Farrah","Sherwen","fsherwenfm@shinystat.com","Female","Engineering","164","Ohio","2XL"
"564","Kayne","Bosquet","kbosquetfn@arstechnica.com","Female","Services","122","New Jersey","S"
"570","Sebastian","Dorman","sdormanft@harvard.edu","Female","Training","190","Texas","XL"
"573","Sherill","Ribeiro","sribeirofw@studiopress.com","Female","Engineering","287","California","2XL"
"575","Gerek","Lawler","glawlerfy@e-recht24.de","Female","Accounting","371","Indiana","M"
"576","Queenie","Duckit","qduckitfz@globo.com","Female","Support","334","Oklahoma","S"
"580","Any","Sprowell","asprowellg3@example.com","Female","Research and Development","111","New York","3XL"
"581","Quintina","Siaspinski","qsiaspinskig4@ox.ac.uk","Female","Marketing","101","South Carolina","XS"
"583","Nikki","Blackaller","nblackallerg6@edublogs.org","Female","Support","59","Maryland","M"
"584","Dougie","Gambie","dgambieg7@elpais.com","Female","Legal","30","Idaho","XL"
"585","Sigismund","Yeandel","syeandelg8@answers.com","Female","Marketing","25","Washington","M"
"586","Edouard","Bellinger","ebellingerg9@csmonitor.com","Female","Product Management","351","Louisiana","M"
"587","Alfie","Thirlwell","athirlwellga@amazon.co.jp","Female","Accounting","439","Arizona","S"
"588","Koo","Ingledow","kingledowgb@lulu.com","Female","Accounting","252","North Carolina","S"
"590","Steffi","Stickel","sstickelgd@indiatimes.com","Female","Research and Development","153","Texas","XL"
"591","Anitra","Heintz","aheintzge@intel.com","Female","Sales","26","Ohio","XL"
"593","Cart","Cockram","ccockramgg@oakley.com","Female","Training","137","Nevada","2XL"
"596","Willamina","Chadbourn","wchadbourngj@hexun.com","Female","Support","473","Massachusetts","M"
"598","Clyde","O'Kenny","cokennygl@ebay.co.uk","Female","Research and Development","482","Virginia","L"
"599","Trula","Janew","tjanewgm@sourceforge.net","Female","Research and Development","146","South Carolina","L"
"606","Averil","Janodet","ajanodetgt@wunderground.com","Female","Accounting","296","North Carolina","2XL"
"607","Ambros","Millmoe","amillmoegu@alibaba.com","Female","Support","217","Florida","M"
"608","Jaime","Hylands","jhylandsgv@gmpg.org","Female","Business Development","465","Florida","XL"
"610","Bogey","Southerell","bsoutherellgx@multiply.com","Female","Training","152","California","M"
"611","Otis","Zemler","ozemlergy@ow.ly","Female","Marketing","146","Florida","3XL"
"614","Alanson","Fardoe","afardoeh1@clickbank.net","Female","Research and Development","261","Missouri","L"
"618","Andy","Price","apriceh5@bravesites.com","Female","Business Development","36","Florida","L"
"620","Connie","Kerfod","ckerfodh7@forbes.com","Female","Business Development","451","Colorado","XS"
"621","Shane","Billyeald","sbillyealdh8@slate.com","Female","Engineering","265","Kentucky","L"
"622","Sisile","Calderwood","scalderwoodh9@businesswire.com","Female","Human Resources","287","New York","S"
"623","Brion","Freemantle","bfreemantleha@zdnet.com","Female","Research and Development","320","Pennsylvania","XL"
"625","Adriena","Spurett","aspuretthc@unicef.org","Female","Sales","193","District of Columbia","L"
"629","Penni","Bysshe","pbysshehg@patch.com","Female","Services","33","Florida","L"
"631","Ciel","Witherdon","cwitherdonhi@eventbrite.com","Female","Support","321","Washington","L"
"632","Laurette","Jorck","ljorckhj@slate.com","Female","Research and Development","27","Colorado","2XL"
"633","Madison","Scoggins","mscogginshk@sciencedirect.com","Female","Engineering","154","Kentucky","3XL"
"635","Hort","Danslow","hdanslowhm@alibaba.com","Female","Human Resources","334","California","L"
"636","Gardie","Heddy","gheddyhn@cafepress.com","Female","Research and Development","309","Massachusetts","3XL"
"637","Jacobo","Wogan","jwoganho@51.la","Female","Training","422","Nebraska","3XL"
"639","Allie","Novotne","anovotnehq@sbwire.com","Female","Support","191","Georgia","XS"
"642","Erinna","Beaty","ebeatyht@is.gd","Female","Sales","421","Minnesota","L"
"644","Carson","Dies","cdieshv@statcounter.com","Female","Legal","324","Texas","3XL"
"645","Kelvin","Lickorish","klickorishhw@who.int","Female","Services","296","Texas","S"
"646","Torre","Leggett","tleggetthx@t-online.de","Female","Accounting","84","Texas","3XL"
"648","Lambert","Sieur","lsieurhz@example.com","Female","Accounting","177","Indiana","3XL"
"654","Zita","Newey","zneweyi5@tinyurl.com","Female","Engineering","193","Virginia","XL"
"655","Meghann","Bexley","mbexleyi6@oaic.gov.au","Female","Sales","424","Georgia","M"
"657","Sena","Assandri","sassandrii8@adobe.com","Female","Product Management","229","North Carolina","XS"
"658","Garrek","Wicklen","gwickleni9@howstuffworks.com","Female","Business Development","6","Missouri","XS"
"660","Juline","Baudacci","jbaudacciib@kickstarter.com","Female","Accounting","216","Michigan","S"
"664","Eydie","Kyberd","ekyberdif@ted.com","Female","Human Resources","320","New York","S"
"665","Urson","Grzegorzewski","ugrzegorzewskiig@aboutads.info","Female","Business Development","175","Nevada","XL"
"666","Rudolf","Colcutt","rcolcuttih@usda.gov","Female","Support","387","New York","M"
"667","Jameson","Billanie","jbillanieii@alexa.com","Female","Training","262","Louisiana","XS"
"670","Almeta","Rusbridge","arusbridgeil@yellowbook.com","Female","Product Management","111","Alabama","L"
"671","Isaak","Tutt","ituttim@wufoo.com","Female","Training","39","Tennessee","L"
"676","Kaitlin","Tomasicchio","ktomasicchioir@state.gov","Female","Research and Development","461","Iowa","3XL"
"677","Jesus","Redfearn","jredfearnis@mlb.com","Female","Product Management","423","North Carolina","3XL"
"679","Sherwin","Stevenson","sstevensoniu@yahoo.com","Female","Human Resources","6","California","2XL"
"683","Hashim","MacConchie","hmacconchieiy@mac.com","Female","Engineering","455","California","3XL"
"684","Maisey","Maylard","mmaylardiz@illinois.edu","Female","Accounting","107","New York","M"
"685","Chastity","Cardinale","ccardinalej0@hubpages.com","Female","Research and Development","37","Kansas","3XL"
"688","Regan","Rigg","rriggj3@altervista.org","Female","Product Management","183","California","3XL"
"691","Chip","Foggarty","cfoggartyj6@buzzfeed.com","Female","Product Management","146","Texas","L"
"693","Randy","Conachy","rconachyj8@salon.com","Female","Human Resources","184","Illinois","2XL"
"695","Roger","Sherewood","rsherewoodja@marriott.com","Female","Marketing","56","Florida","L"
"699","Theresa","Nardi","tnardije@washingtonpost.com","Female","Legal","154","California","XS"
"700","Augustina","Drysdale","adrysdalejf@cbslocal.com","Female","Sales","164","Massachusetts","XS"
"701","Orel","Keighley","okeighleyjg@twitter.com","Female","Product Management","146","North Carolina","XL"
"702","Tiffani","Tombleson","ttomblesonjh@pen.io","Female","Services","487","Texas","XS"
"703","Yetty","Tilmouth","ytilmouthji@purevolume.com","Female","Training","274","Illinois","L"
"704","Terrance","Toulch","ttoulchjj@yandex.ru","Female","Support","465","Georgia","L"
"705","Stearne","Theobold","stheoboldjk@ifeng.com","Female","Sales","102","New York","3XL"
"706","Blondell","Bruin","bbruinjl@live.com","Female","Training","227","Minnesota","L"
"707","Larisa","Hambleton","lhambletonjm@omniture.com","Female","Business Development","95","Arkansas","2XL"
"708","Ignacius","Storry","istorryjn@acquirethisname.com","Female","Business Development","22","Mississippi","S"
"709","Sissie","Burnside","sburnsidejo@google.fr","Female","Sales","431","Florida","XL"
"710","Barbra","Craighead","bcraigheadjp@umich.edu","Female","Training","32","Minnesota","L"
"711","Netti","Attenbrough","nattenbroughjq@digg.com","Female","Marketing","297","Iowa","XS"
"712","Matthiew","Cubitt","mcubittjr@twitter.com","Female","Product Management","7","Texas","L"
"713","Aurore","Filliskirk","afilliskirkjs@theguardian.com","Female","Marketing","423","District of Columbia","XL"
"715","Temple","Lambrecht","tlambrechtju@freewebs.com","Female","Training","413","Oklahoma","M"
"717","Kenneth","Netti","knettijw@sohu.com","Female","Sales","273","California","XL"
"718","Maurizia","Pinkstone","mpinkstonejx@cdc.gov","Female","Services","82","Florida","3XL"
"720","Piper","Drains","pdrainsjz@mlb.com","Female","Accounting","364","Louisiana","S"
"721","Kanya","Pre","kprek0@tuttocitta.it","Female","Accounting","418","Oklahoma","XL"
"724","Lorry","Cullinane","lcullinanek3@cmu.edu","Female","Sales","66","Arizona","S"
"725","Isa","Oppery","iopperyk4@hhs.gov","Female","Support","78","California","M"
"729","Eddi","Atcherley","eatcherleyk8@google.ru","Female","Training","492","New York","2XL"
"734","Joela","Fonzo","jfonzokd@angelfire.com","Female","Product Management","90","West Virginia","L"
"738","Brantley","Blay","bblaykh@engadget.com","Female","Sales","86","California","S"
"739","Cassi","Lapthorn","clapthornki@nba.com","Female","Training","247","Nebraska","3XL"
"740","Jesselyn","Keatley","jkeatleykj@wufoo.com","Female","Legal","387","Maryland","M"
"743","Dar","Le Fleming","dleflemingkm@nbcnews.com","Female","Research and Development","423","Montana","S"
"744","Anselma","Ornils","aornilskn@wordpress.org","Female","Product Management","44","Georgia","S"
"745","Charlton","Gittus","cgittusko@lulu.com","Female","Accounting","417","Texas","M"
"746","Cirillo","Roget","crogetkp@over-blog.com","Female","Support","80","Florida","2XL"
"749","Kaile","Kayley","kkayleyks@columbia.edu","Female","Marketing","334","Massachusetts","S"
"751","Cristobal","Houldin","chouldinku@tuttocitta.it","Female","Engineering","17","Texas","M"
"753","Moss","Arrighetti","marrighettikw@phoca.cz","Female","Legal","292","Texas","S"
"754","Sherye","Pickering","spickeringkx@vk.com","Female","Training","37","Colorado","2XL"
"755","Nickolai","Keppin","nkeppinky@ebay.com","Female","Business Development","362","Texas","XL"
"756","Isabella","Ebbins","iebbinskz@msn.com","Female","Legal","299","Kentucky","2XL"
"757","Nada","Pimer","npimerl0@discuz.net","Female","Business Development","197","Indiana","M"
"761","Calla","Opdenorth","copdenorthl4@bbb.org","Female","Support","78","New York","2XL"
"762","Carly","Broxton","cbroxtonl5@nyu.edu","Female","Sales","385","North Dakota","L"
"763","Cassandry","Linnett","clinnettl6@blogger.com","Female","Human Resources","135","Indiana","M"
"765","Karilynn","Ivan","kivanl8@addthis.com","Female","Engineering","490","Kentucky","M"
"766","Link","Rew","lrewl9@cocolog-nifty.com","Female","Engineering","192","Florida","S"
"767","Pearle","Thackston","pthackstonla@canalblog.com","Female","Sales","323","Nevada","XS"
"769","Peder","Rilton","priltonlc@trellian.com","Female","Sales","499","Delaware","L"
"770","Jamesy","Noddle","jnoddleld@java.com","Female","Research and Development","153","Michigan","2XL"
"772","Jillian","Shoorbrooke","jshoorbrookelf@desdev.cn","Female","Product Management","462","District of Columbia","2XL"
"773","Byron","Edser","bedserlg@imageshack.us","Female","Marketing","180","Louisiana","2XL"
"774","Jodee","Popplewell","jpopplewelllh@weibo.com","Female","Business Development","233","Montana","S"
"777","Benedikt","Farbrother","bfarbrotherlk@reference.com","Female","Product Management","243","Massachusetts","3XL"
"778","Aron","Castillou","acastilloull@tuttocitta.it","Female","Support","368","Texas","XS"
"780","Margette","Tyt","mtytln@eepurl.com","Female","Human Resources","388","Illinois","XL"
"783","Marline","Merrington","mmerringtonlq@nba.com","Female","Product Management","7","Florida","XL"
"786","Veronika","Marioneau","vmarioneault@ox.ac.uk","Female","Product Management","476","Tennessee","XL"
"787","Roman","Newell","rnewelllu@dedecms.com","Female","Training","186","California","XS"
"788","Athena","Stockport","astockportlv@omniture.com","Female","Sales","290","District of Columbia","L"
"790","Alair","Hewson","ahewsonlx@ezinearticles.com","Female","Marketing","436","Illinois","XL"
"791","Griselda","Zapatero","gzapateroly@stanford.edu","Female","Legal","428","Kansas","XL"
"793","Madelin","Giddy","mgiddym0@jiathis.com","Female","Support","431","Kentucky","2XL"
"794","Skipp","Exton","sextonm1@marketwatch.com","Female","Services","407","Massachusetts","S"
"795","Modestia","Rubery","mruberym2@pbs.org","Female","Training","123","Florida","S"
"797","Eamon","Doreward","edorewardm4@soundcloud.com","Female","Support","35","Florida","L"
"798","Benedicta","Coaten","bcoatenm5@zdnet.com","Female","Legal","303","Pennsylvania","M"
"800","Neddy","Lackington","nlackingtonm7@go.com","Female","Support","283","Alabama","L"
"802","Carina","Swarbrigg","cswarbriggm9@state.gov","Female","Support","250","Texas","2XL"
"806","Elnora","Burnage","eburnagemd@cbsnews.com","Female","Business Development","186","California","XL"
"807","Alyssa","Huster","ahusterme@unc.edu","Female","Training","428","District of Columbia","XS"
"808","Edward","Swane","eswanemf@mozilla.org","Female","Business Development","153","Georgia","XL"
"810","Immanuel","Linebarger","ilinebargermh@wunderground.com","Female","Business Development","188","Alabama","XS"
"811","Cornela","Beaby","cbeabymi@narod.ru","Female","Product Management","392","Illinois","L"
"813","Gusti","Stollenbeck","gstollenbeckmk@accuweather.com","Female","Services","251","Washington","L"
"817","Barnie","McCorley","bmccorleymo@opera.com","Female","Human Resources","458","Colorado","XS"
"818","Aile","Buey","abueymp@hc360.com","Female","Business Development","400","Nevada","L"
"819","Rodney","Tarply","rtarplymq@theatlantic.com","Female","Engineering","83","Texas","S"
"821","Sholom","Martel","smartelms@washington.edu","Female","Business Development","63","Florida","3XL"
"824","Janel","Sinclair","jsinclairmv@com.com","Female","Business Development","312","Ohio","XS"
"825","Vaughn","Vader","vvadermw@jiathis.com","Female","Product Management","434","Pennsylvania","2XL"
"827","Ancell","O'Heneghan","aoheneghanmy@scientificamerican.com","Female","Marketing","161","Arkansas","L"
"830","Ariel","MacCaughan","amaccaughann1@imgur.com","Female","Research and Development","94","Virginia","XS"
"831","Alix","Mervyn","amervynn2@ucoz.com","Female","Engineering","61","Florida","3XL"
"832","Sarah","Konke","skonken3@narod.ru","Female","Engineering","296","Utah","S"
"835","Mathilde","Josef","mjosefn6@sciencedirect.com","Female","Support","9","Oklahoma","XS"
"837","Genevra","Cowpe","gcowpen8@pen.io","Female","Sales","207","California","2XL"
"839","Ciro","Greeding","cgreedingna@buzzfeed.com","Female","Marketing","127","Florida","XL"
"840","Korie","Hourston","khourstonnb@patch.com","Female","Product Management","7","Ohio","L"
"841","Jackqueline","Mussard","jmussardnc@last.fm","Female","Training","40","District of Columbia","2XL"
"845","Pet","Bacon","pbaconng@dagondesign.com","Female","Human Resources","5","Alabama","XS"
"846","Gannon","Ferries","gferriesnh@wix.com","Female","Legal","175","South Carolina","S"
"850","Kaitlin","Coopman","kcoopmannl@ebay.com","Female","Research and Development","273","Georgia","M"
"854","Erica","Jeffes","ejeffesnp@spotify.com","Female","Human Resources","180","Georgia","XS"
"855","Giff","Dagg","gdaggnq@salon.com","Female","Sales","63","California","XS"
"857","Gabriel","Pendlenton","gpendlentonns@google.ca","Female","Accounting","143","South Carolina","M"
"859","Hynda","Davidi","hdavidinu@addtoany.com","Female","Product Management","307","Tennessee","M"
"860","Boris","Powys","bpowysnv@comsenz.com","Female","Engineering","397","Georgia","XS"
"862","Morris","MacLucais","mmaclucaisnx@nyu.edu","Female","Support","417","Florida","XL"
"863","Theadora","Lindenboim","tlindenboimny@nyu.edu","Female","Product Management","68","Delaware","L"
"864","Mendel","Sivyour","msivyournz@wikipedia.org","Female","Sales","261","Pennsylvania","XS"
"872","Germain","Roland","grolando7@examiner.com","Female","Human Resources","88","Texas","L"
"874","Cyril","Hillhouse","chillhouseo9@amazon.com","Female","Engineering","181","Tennessee","S"
"875","Ray","Scurry","rscurryoa@aol.com","Female","Legal","228","Washington","XL"
"876","Brynn","Bartoleyn","bbartoleynob@cnn.com","Female","Engineering","436","Michigan","M"
"877","Bernice","Hinchshaw","bhinchshawoc@purevolume.com","Female","Engineering","480","Arkansas","3XL"
"878","Sisely","Mathieu","smathieuod@ox.ac.uk","Female","Engineering","409","District of Columbia","L"
"879","Fina","Zoanetti","fzoanettioe@opensource.org","Female","Services","317","Illinois","2XL"
"881","Tressa","Mayler","tmaylerog@cloudflare.com","Female","Engineering","372","California","M"
"891","Samara","Ingerman","singermanoq@walmart.com","Female","Research and Development","46","Texas","XL"
"893","Babita","Casotti","bcasottios@google.com.br","Female","Business Development","223","Alaska","XL"
"897","Mable","Hendren","mhendrenow@ezinearticles.com","Female","Human Resources","355","California","L"
"898","Rodney","Neasham","rneashamox@mit.edu","Female","Support","426","Michigan","XS"
"900","Sharl","Lafford","slaffordoz@tuttocitta.it","Female","Training","442","District of Columbia","XS"
"902","Fernanda","Exeter","fexeterp1@youtube.com","Female","Training","334","Oklahoma","XS"
"904","Avrom","MacAllan","amacallanp3@mit.edu","Female","Accounting","13","North Carolina","XL"
"905","Floris","Chessum","fchessump4@geocities.com","Female","Engineering","182","Florida","L"
"907","De","Prandin","dprandinp6@surveymonkey.com","Female","Human Resources","405","Texas","S"
"908","Rozalie","Moy","rmoyp7@netlog.com","Female","Training","422","Florida","3XL"
"911","Olivier","Finnigan","ofinniganpa@gnu.org","Female","Sales","48","New York","XS"
"913","Leroy","Cuss","lcusspc@mail.ru","Female","Research and Development","214","Connecticut","L"
"917","Fernandina","Rigge","friggepg@shareasale.com","Female","Sales","56","California","3XL"
"918","Charleen","Rothera","crotheraph@cmu.edu","Female","Accounting","15","Texas","XL"
"919","Winifield","Copello","wcopellopi@weibo.com","Female","Business Development","51","Kentucky","M"
"921","Livvyy","Fitzsymonds","lfitzsymondspk@webnode.com","Female","Engineering","158","South Carolina","M"
"922","Aline","Bugs","abugspl@china.com.cn","Female","Business Development","364","Iowa","M"
"925","Alexio","Mc Faul","amcfaulpo@ning.com","Female","Human Resources","380","Michigan","2XL"
"927","Lowrance","Goggen","lgoggenpq@constantcontact.com","Female","Sales","187","Florida","XL"
"928","Bertie","Kirkup","bkirkuppr@angelfire.com","Female","Engineering","375","Wisconsin","M"
"929","Kyrstin","Januszewski","kjanuszewskips@bandcamp.com","Female","Sales","275","Tennessee","3XL"
"932","Georgina","Bithell","gbithellpv@wikia.com","Female","Legal","439","Florida","M"
"934","Consuela","Huckleby","chucklebypx@google.fr","Female","Services","199","Louisiana","2XL"
"940","Dot","Bank","dbankq3@rambler.ru","Female","Services","287","New York","S"
"944","Ford","Evins","fevinsq7@parallels.com","Female","Marketing","486","Washington","XS"
"945","Valera","Fellgate","vfellgateq8@odnoklassniki.ru","Female","Human Resources","359","New York","XL"
"949","Rachel","Cluelow","rcluelowqc@hibu.com","Female","Business Development","462","Tennessee","2XL"
"952","Kaleb","Jarrad","kjarradqf@weather.com","Female","Training","61","Wisconsin","XS"
"953","Martainn","Dunstall","mdunstallqg@oakley.com","Female","Business Development","234","New York","S"
"955","Cindra","Allanby","callanbyqi@google.com.br","Female","Business Development","108","Massachusetts","S"
"957","Sybil","Andrez","sandrezqk@usatoday.com","Female","Engineering","136","New York","L"
"960","Lutero","Tester","ltesterqn@techcrunch.com","Female","Support","440","Florida","3XL"
"961","Noemi","Palmer","npalmerqo@cdc.gov","Female","Services","134","Texas","S"
"964","Keefe","Taleworth","ktaleworthqr@usa.gov","Female","Marketing","92","North Carolina","XS"
"971","Sharron","Ilymanov","silymanovqy@yellowpages.com","Female","Accounting","34","Pennsylvania","3XL"
"972","Wendy","MacColm","wmaccolmqz@eventbrite.com","Female","Engineering","207","Nevada","XL"
"974","Laurette","Farnish","lfarnishr1@webnode.com","Female","Training","299","Minnesota","XL"
"979","Bryana","Billitteri","bbillitterir6@shutterfly.com","Female","Legal","148","Texas","M"
"980","Nettie","Gilffillan","ngilffillanr7@senate.gov","Female","Engineering","154","Pennsylvania","2XL"
"981","Jewel","Barnham","jbarnhamr8@opera.com","Female","Engineering","335","California","S"
"985","Anderea","Winterbotham","awinterbothamrc@cbc.ca","Female","Business Development","87","Louisiana","3XL"
"986","Emogene","Surgey","esurgeyrd@redcross.org","Female","Support","244","Texas","XL"
"987","Blondie","Ruppel","bruppelre@ed.gov","Female","Marketing","455","Indiana","XS"
"988","Gibbie","Dexter","gdexterrf@linkedin.com","Female","Research and Development","152","Kansas","L"
"990","Zak","Giannazzi","zgiannazzirh@msn.com","Female","Accounting","474","Texas","M"
"991","Raimundo","Leyborne","rleyborneri@bluehost.com","Female","Training","145","Texas","L"
"992","Tobey","Piatkow","tpiatkowrj@paginegialle.it","Female","Product Management","433","Indiana","XL"
"993","Letty","Lewer","llewerrk@sohu.com","Female","Accounting","76","Texas","S"
"994","Gerhardt","Norres","gnorresrl@japanpost.jp","Female","Training","243","Texas","3XL"
"995","Aubert","Chiene","achienerm@cafepress.com","Female","Research and Development","30","New York","L"
"998","Erinna","Ghilardini","eghilardinirp@ovh.net","Female","Sales","105","Florida","XS"
"999","Inga","Dragon","idragonrq@bloomberg.com","Female","Research and Development","165","Virginia","XS"
"1000","Kellina","Eastcourt","keastcourtrr@mapy.cz","Female","Support","482","Massachusetts","3XL"
